Valor Real,ε = 0.1,ε = 0.5,ε = 1.0,ε = 10.0
41.1987418417156,41.1993532004948,41.1991990455051,41.198676501123,41.1987413650772