Valor Real,ε = 0.1,ε = 0.5,ε = 1.0,ε = 10.0
266325,266301.450219711,266321.422970224,266323.275132374,266325.062541162